GCN_tl_BA,GCN_tl_Sn,GCN_tl_Sp,GCN_tl_ER
0.3611111111111111,0.16666666666666666,0.5555555555555556,0.6
