GCN_BA,GCN_Sn,GCN_Sp,GCN_ER
0.8521245377863751,0.8310502283105022,0.8731988472622478,0.1431095406360424
